{
    "weights": "best.pt",
    "source": "0",
    "view_img": true,
    "conf_thres": 0.25,
    "data": "data/fire_config.yaml",
    "device": "cpu",
    "iou_thres": 0.45,
    "max_det": 1000,
    "save_txt": false,
    "save_conf": false,
    "save_crop": false,
    "nosave": false,
    "classes": null,
    "agnostic_nms": false,
    "augment": false,
    "visualize": false,
    "update": false,
    "project": "runs/detect",
    "name": "exp",
    "exist_ok": false,
    "line_thickness": 3,
    "hide_labels": false,
    "hide_conf": false,
    "half": false,
    "dnn": false,
    "vid_stride": 1
  }
  